Planet id,Planet cloud_percent,Planet snow_ice_percent,Planet capture_time,planet_geometry,Landsat ID,Landsat cloud_cover_right,Landsat timestamp,Landsat geometry,time_diff
20230308_212634_27_2413,22,55,2023-03-08 21:26:34.271269+00:00,"POLYGON ((-153.94426019444188 62.373192348054005, -154.05271232200275 62.203014062972755, -153.44359925995448 62.1176866193498, -153.33281028881606 62.286498160984856, -153.94426019444188 62.373192348054005))",LC08_071017_20230308,36.28,2023-03-08 21:26:09+00:00,"POLYGON ((-153.94426019444188 62.373192348054005, -154.05271232200275 62.203014062972755, -153.44359925995448 62.1176866193498, -153.33281028881606 62.286498160984856, -153.94426019444188 62.373192348054005))",0 days 00:00:25.271269
20230325_103503_19_240c,11,47,2023-03-25 10:35:03.192496+00:00,"POLYGON ((14.19149053098077 68.74533864474154, 14.016949380092381 68.58489963749955, 14.749286454296959 68.47723049901894, 14.92757828649254 68.63711880250699, 14.19149053098077 68.74533864474154))",LC08_199012_20230325,29.1,2023-03-25 10:35:05+00:00,"POLYGON ((14.19149053098077 68.74533864474154, 14.016949380092381 68.58489963749955, 14.749286454296959 68.47723049901894, 14.92757828649254 68.63711880250699, 14.19149053098077 68.74533864474154))",0 days 00:00:01.807504
20230329_033637_63_2414,12,71,2023-03-29 03:36:37.635705+00:00,"POLYGON ((112.86670966845875 61.36229369112171, 112.7643084292139 61.19772927691361, 113.33313810958171 61.11430295824499, 113.43832258301353 61.27809850423879, 112.86670966845875 61.36229369112171))",LC08_131017_20230329,17.69,2023-03-29 03:36:48+00:00,"POLYGON ((112.86670966845875 61.36229369112171, 112.7643084292139 61.19772927691361, 113.33313810958171 61.11430295824499, 113.43832258301353 61.27809850423879, 112.86670966845875 61.36229369112171))",0 days 00:00:10.364295
20230402_144322_97_2402,11,54,2023-04-02 14:43:22.972799+00:00,"POLYGON ((-51.641910639885964 63.720845611371004, -51.760172507603436 63.55740137438554, -51.14933300023194 63.46856831194577, -51.027832338459326 63.631195334250606, -51.641910639885964 63.720845611371004))",LC08_006015_20230402,10.91,2023-04-02 14:43:24+00:00,"POLYGON ((-51.641910639885964 63.720845611371004, -51.760172507603436 63.55740137438554, -51.14933300023194 63.46856831194577, -51.027832338459326 63.631195334250606, -51.641910639885964 63.720845611371004))",0 days 00:00:01.027201
20230417_072528_39_2414,60,16,2023-04-17 07:25:28.396709+00:00,"POLYGON ((55.07465005478232 60.90292869684359, 54.97830262763813 60.739344466035185, 55.536258141421655 60.65998326690584, 55.63534264323504 60.82195277106271, 55.07465005478232 60.90292869684359))",LC08_168018_20230417,80.49,2023-04-17 07:25:35+00:00,"POLYGON ((55.07465005478232 60.90292869684359, 54.97830262763813 60.739344466035185, 55.536258141421655 60.65998326690584, 55.63534264323504 60.82195277106271, 55.07465005478232 60.90292869684359))",0 days 00:00:06.603291
20230418_094613_93_2426,56,25,2023-04-18 09:46:13.938775+00:00,"POLYGON ((25.576334120665916 67.90473380260805, 25.4199975868506 67.74611219216098, 26.11712884868125 67.64613589563362, 26.2775960752846 67.80365391216412, 25.576334120665916 67.90473380260805))",LC08_191013_20230418,77.79,2023-04-18 09:45:44+00:00,"POLYGON ((25.576334120665916 67.90473380260805, 25.4199975868506 67.74611219216098, 26.11712884868125 67.64613589563362, 26.2775960752846 67.80365391216412, 25.576334120665916 67.90473380260805))",0 days 00:00:29.938775
20230418_094636_32_2426,46,46,2023-04-18 09:46:36.328603+00:00,"POLYGON ((24.30151524069267 66.55137152123815, 24.16036344461559 66.3918210398663, 24.823830208894424 66.29647150250749, 24.968749628932347 66.45501502085867, 24.30151524069267 66.55137152123815))",LC08_191014_20230418,12.72,2023-04-18 09:46:08+00:00,"POLYGON ((24.30151524069267 66.55137152123815, 24.16036344461559 66.3918210398663, 24.823830208894424 66.29647150250749, 24.968749628932347 66.45501502085867, 24.30151524069267 66.55137152123815))",0 days 00:00:28.328603
20230420_143108_00_2413,64,20,2023-04-20 14:31:08.001451+00:00,"POLYGON ((-49.67350564049242 62.06541190863735, -49.77621581097134 61.898683861409545, -49.1961503460181 61.818342534757946, -49.092571545096675 61.983837887177586, -49.67350564049242 62.06541190863735))",LC08_004017_20230420,65.63,2023-04-20 14:31:36+00:00,"POLYGON ((-49.67350564049242 62.06541190863735, -49.77621581097134 61.898683861409545, -49.1961503460181 61.818342534757946, -49.092571545096675 61.983837887177586, -49.67350564049242 62.06541190863735))",0 days 00:00:27.998549
20230429_192205_75_2414,45,16,2023-04-29 19:22:05.755259+00:00,"POLYGON ((-121.39312161342858 62.72626589566918, -121.50620065765212 62.56694895143858, -120.92659886916144 62.477722481963674, -120.80931214025286 62.63729792841148, -121.39312161342858 62.72626589566918))",LC08_051016_20230429,67.35,2023-04-29 19:21:39+00:00,"POLYGON ((-121.39312161342858 62.72626589566918, -121.50620065765212 62.56694895143858, -120.92659886916144 62.477722481963674, -120.80931214025286 62.63729792841148, -121.39312161342858 62.72626589566918))",0 days 00:00:26.755259
20230429_192219_98_2414,21,22,2023-04-29 19:22:19.984859+00:00,"POLYGON ((-121.99979120902327 61.85335793911016, -122.1077572449626 61.693767032273556, -121.54255744216711 61.60641181247243, -121.43136687990221 61.766437500241004, -121.99979120902327 61.85335793911016))",LC08_051017_20230429,45.67,2023-04-29 19:22:03+00:00,"POLYGON ((-121.99979120902327 61.85335793911016, -122.1077572449626 61.693767032273556, -121.54255744216711 61.60641181247243, -121.43136687990221 61.766437500241004, -121.99979120902327 61.85335793911016))",0 days 00:00:16.984859
20230503_122053_44_2414,21,46,2023-05-03 12:20:53.443154+00:00,"POLYGON ((-14.401375711539625 65.09322465944446, -14.532910235211043 64.93543092005845, -13.907109409797334 64.8396586338466, -13.771033720394346 64.99784290006183, -14.401375711539625 65.09322465944446))",LC08_216014_20230503,17.81,2023-05-03 12:20:34+00:00,"POLYGON ((-14.401375711539625 65.09322465944446, -14.532910235211043 64.93543092005845, -13.907109409797334 64.8396586338466, -13.771033720394346 64.99784290006183, -14.401375711539625 65.09322465944446))",0 days 00:00:19.443154
20230515_223754_57_240c,20,73,2023-05-15 22:37:54.579214+00:00,"POLYGON ((-166.28392380113672 68.79504792349454, -166.45407661654167 68.63454858383264, -165.72045274511402 68.53011123921513, -165.54626266140951 68.68942533008054, -166.28392380113672 68.79504792349454))",LC08_083012_20230515,55.18,2023-05-15 22:37:37+00:00,"POLYGON ((-166.28392380113672 68.79504792349454, -166.45407661654167 68.63454858383264, -165.72045274511402 68.53011123921513, -165.54626266140951 68.68942533008054, -166.28392380113672 68.79504792349454))",0 days 00:00:17.579214
20230515_223756_60_240c,27,67,2023-05-15 22:37:56.608714+00:00,"POLYGON ((-166.4160485007192 68.67219569551114, -166.58436206755582 68.51157183390336, -165.8541383620374 68.40761279447342, -165.68190282167873 68.56711678953349, -166.4160485007192 68.67219569551114))",LC08_083012_20230515,55.18,2023-05-15 22:37:37+00:00,"POLYGON ((-166.4160485007192 68.67219569551114, -166.58436206755582 68.51157183390336, -165.8541383620374 68.40761279447342, -165.68190282167873 68.56711678953349, -166.4160485007192 68.67219569551114))",0 days 00:00:19.608714
20230515_223758_63_240c,23,74,2023-05-15 22:37:58.638214+00:00,"POLYGON ((-166.543639544462 68.55054499037747, -166.71051204312772 68.38985058712771, -165.98386491628565 68.28623643971271, -165.81298353062772 68.44585068011565, -166.543639544462 68.55054499037747))",LC08_083012_20230515,55.18,2023-05-15 22:37:37+00:00,"POLYGON ((-166.543639544462 68.55054499037747, -166.71051204312772 68.38985058712771, -165.98386491628565 68.28623643971271, -165.81298353062772 68.44585068011565, -166.543639544462 68.55054499037747))",0 days 00:00:21.638214
20230609_155647_20_2402,16,67,2023-06-09 15:56:47.203627+00:00,"POLYGON ((-68.78251223814988 63.87116429815135, -68.90129236498963 63.70708719352808, -68.30156455821344 63.621701422812535, -68.1818075471348 63.78591941885458, -68.78251223814988 63.87116429815135))",LC08_018015_20230609,87.73,2023-06-09 15:57:14+00:00,"POLYGON ((-68.78251223814988 63.87116429815135, -68.90129236498963 63.70708719352808, -68.30156455821344 63.621701422812535, -68.1818075471348 63.78591941885458, -68.78251223814988 63.87116429815135))",0 days 00:00:26.796373
20230617_213515_19_2440,23,49,2023-06-17 21:35:15.194947+00:00,"POLYGON ((-53.749913370801416 81.36144129778403, -54.69009138165679 81.46651670619437, -55.82623842216569 81.22722868574316, -54.90413534562422 81.12549932821142, -53.749913370801416 81.36144129778403))",LC08_058243_20230617,39.23,2023-06-17 21:35:26+00:00,"POLYGON ((-53.749913370801416 81.36144129778403, -54.69009138165679 81.46651670619437, -55.82623842216569 81.22722868574316, -54.90413534562422 81.12549932821142, -53.749913370801416 81.36144129778403))",0 days 00:00:10.805053
20230627_235127_21_2460,13,65,2023-06-27 23:51:27.218990+00:00,"POLYGON ((-92.86951017523792 80.89730508201622, -93.80701976454638 80.99282190726592, -94.80059073626884 80.74153909569839, -93.87120180880251 80.6483394539047, -92.86951017523792 80.89730508201622))",LC08_080244_20230627,53,2023-06-27 23:51:53+00:00,"POLYGON ((-92.86951017523792 80.89730508201622, -93.80701976454638 80.99282190726592, -94.80059073626884 80.74153909569839, -93.87120180880251 80.6483394539047, -92.86951017523792 80.89730508201622))",0 days 00:00:25.781010
20230629_220021_34_2439,11,30,2023-06-29 22:00:21.344132+00:00,"POLYGON ((-62.33021786543062 80.76096896695809, -63.23647223502957 80.85897843628535, -64.24076908814602 80.61359589114655, -63.34655956250902 80.51694924352013, -62.33021786543062 80.76096896695809))",LC08_062243_20230629,10.57,2023-06-29 22:00:16+00:00,"POLYGON ((-62.33021786543062 80.76096896695809, -63.23647223502957 80.85897843628535, -64.24076908814602 80.61359589114655, -63.34655956250902 80.51694924352013, -62.33021786543062 80.76096896695809))",0 days 00:00:05.344132
20230629_220048_88_2439,20,26,2023-06-29 22:00:48.881215+00:00,"POLYGON ((-72.35700885434721 81.64155201965622, -73.45591732403541 81.71419344703176, -74.26151802122705 81.44453631245057, -73.18531193496466 81.37400265220427, -72.35700885434721 81.64155201965622))",LC08_062245_20230629,39.77,2023-06-29 22:01:04+00:00,"POLYGON ((-72.35700885434721 81.64155201965622, -73.45591732403541 81.71419344703176, -74.26151802122705 81.44453631245057, -73.18531193496466 81.37400265220427, -72.35700885434721 81.64155201965622))",0 days 00:00:15.118785
20230702_192016_98_2426,23,17,2023-07-02 19:20:16.984148+00:00,"POLYGON ((-113.01773072811712 70.32366043205435, -113.21305535942639 70.17247109843166, -112.46883362563095 70.06010857797396, -112.26769037314244 70.21100192461671, -113.01773072811712 70.32366043205435))",LC08_051011_20230702,22.79,2023-07-02 19:19:48+00:00,"POLYGON ((-113.01773072811712 70.32366043205435, -113.21305535942639 70.17247109843166, -112.46883362563095 70.06010857797396, -112.26769037314244 70.21100192461671, -113.01773072811712 70.32366043205435))",0 days 00:00:28.984148
20230704_005232_37_24ba,38,35,2023-07-04 00:52:32.377351+00:00,"POLYGON ((-91.9322500962836 79.20315836583329, -92.63665149718496 79.3435581218815, -93.8773116149823 79.12139409979362, -93.17475878433228 78.98418076321218, -91.9322500962836 79.20315836583329))",LC08_090241_20230704,31.42,2023-07-04 00:52:34+00:00,"POLYGON ((-91.9322500962836 79.20315836583329, -92.63665149718496 79.3435581218815, -93.8773116149823 79.12139409979362, -93.17475878433228 78.98418076321218, -91.9322500962836 79.20315836583329))",0 days 00:00:01.622649
20230704_005237_09_24ba,13,63,2023-07-04 00:52:37.098153+00:00,"POLYGON ((-93.04399068139035 79.42057431314181, -93.77707748620125 79.5579646173278, -95.01358210558074 79.33150077032144, -94.28572636984116 79.19684277932888, -93.04399068139035 79.42057431314181))",LC08_090242_20230704,51.35,2023-07-04 00:52:58+00:00,"POLYGON ((-93.04399068139035 79.42057431314181, -93.77707748620125 79.5579646173278, -95.01358210558074 79.33150077032144, -94.28572636984116 79.19684277932888, -93.04399068139035 79.42057431314181))",0 days 00:00:20.901847
20230705_230231_12_242b,16,64,2023-07-05 23:02:31.123331+00:00,"POLYGON ((-87.34641619077799 81.99906991718954, -88.49053629581013 82.07632792400653, -89.38184789178742 81.80887327190788, -88.2673946700368 81.73404262084489, -87.34641619077799 81.99906991718954))",LC08_072245_20230705,31.28,2023-07-05 23:02:56+00:00,"POLYGON ((-87.34641619077799 81.99906991718954, -88.49053629581013 82.07632792400653, -89.38184789178742 81.80887327190788, -88.2673946700368 81.73404262084489, -87.34641619077799 81.99906991718954))",0 days 00:00:24.876669
20230706_021744_19_2489,29,26,2023-07-06 02:17:44.195513+00:00,"POLYGON ((-89.58932820641358 74.47384782295194, -89.91164077671843 74.63276095772349, -90.88833145877953 74.4855843834843, -90.5555762661226 74.32874770592099, -89.58932820641358 74.47384782295194))",LC08_104237_20230706,77.41,2023-07-06 02:17:32+00:00,"POLYGON ((-89.58932820641358 74.47384782295194, -89.91164077671843 74.63276095772349, -90.88833145877953 74.4855843834843, -90.5555762661226 74.32874770592099, -89.58932820641358 74.47384782295194))",0 days 00:00:12.195513
20230706_021830_37_2489,15,33,2023-07-06 02:18:30.378320+00:00,"POLYGON ((-95.91662979137635 76.9941729672201, -96.3700797777235 77.1409901990584, -97.45527159061314 76.96763521796902, -96.99601249481047 76.82292878504671, -95.91662979137635 76.9941729672201))",LC08_104239_20230706,14.61,2023-07-06 02:18:20+00:00,"POLYGON ((-95.91662979137635 76.9941729672201, -96.3700797777235 77.1409901990584, -97.45527159061314 76.96763521796902, -96.99601249481047 76.82292878504671, -95.91662979137635 76.9941729672201))",0 days 00:00:10.378320
20230708_215448_75_24ba,11,48,2023-07-08 21:54:48.756912+00:00,"POLYGON ((-60.20767446834596 81.31682208743985, -61.2626518407256 81.4264790339854, -62.432383994494565 81.15717634580452, -61.39742386276657 81.05161925823388, -60.20767446834596 81.31682208743985))",LC08_061244_20230708,48.02,2023-07-08 21:54:35+00:00,"POLYGON ((-60.20767446834596 81.31682208743985, -61.2626518407256 81.4264790339854, -62.432383994494565 81.15717634580452, -61.39742386276657 81.05161925823388, -60.20767446834596 81.31682208743985))",0 days 00:00:13.756912
20230708_215514_37_24ba,11,45,2023-07-08 21:55:14.374445+00:00,"POLYGON ((-70.07068035497063 82.13727098161645, -71.35056808173603 82.21801718399531, -72.28802627994845 81.92393448115452, -71.04613271952422 81.84615458862046, -70.07068035497063 82.13727098161645))",LC08_061245_20230708,14.41,2023-07-08 21:54:59+00:00,"POLYGON ((-70.07068035497063 82.13727098161645, -71.35056808173603 82.21801718399531, -72.28802627994845 81.92393448115452, -71.04613271952422 81.84615458862046, -70.07068035497063 82.13727098161645))",0 days 00:00:15.374445
20230714_112730_21_2489,42,26,2023-07-14 11:27:30.215186+00:00,"POLYGON ((18.241513152981387 77.8316508150163, 17.70205755704614 77.6929460840357, 18.79244593236089 77.50913702680518, 19.33795962331576 77.64505361544785, 18.241513152981387 77.8316508150163))",LC08_208005_20230714,90.57,2023-07-14 11:27:47+00:00,"POLYGON ((18.241513152981387 77.8316508150163, 17.70205755704614 77.6929460840357, 18.79244593236089 77.50913702680518, 19.33795962331576 77.64505361544785, 18.241513152981387 77.8316508150163))",0 days 00:00:16.784814
20230714_193906_07_2490,15,60,2023-07-14 19:39:06.071519+00:00,"POLYGON ((-41.234017748091006 82.30403260124889, -42.528819029145396 82.33713987446525, -42.91483760790015 82.04547355728698, -41.658635175868994 82.01393072215183, -41.234017748091006 82.30403260124889))",LC08_039245_20230714,23.1,2023-07-14 19:39:02+00:00,"POLYGON ((-41.234017748091006 82.30403260124889, -42.528819029145396 82.33713987446525, -42.91483760790015 82.04547355728698, -41.658635175868994 82.01393072215183, -41.234017748091006 82.30403260124889))",0 days 00:00:04.071519
20230719_000904_99_247a,13,84,2023-07-19 00:09:04.990344+00:00,"POLYGON ((-70.3163571603723 78.29016030493884, -70.89294519598205 78.42200307531647, -71.97787250587308 78.22366814380281, -71.3959438123176 78.09351444347669, -70.3163571603723 78.29016030493884))",LC08_083240_20230719,18.2,2023-07-19 00:08:58+00:00,"POLYGON ((-70.3163571603723 78.29016030493884, -70.89294519598205 78.42200307531647, -71.97787250587308 78.22366814380281, -71.3959438123176 78.09351444347669, -70.3163571603723 78.29016030493884))",0 days 00:00:06.990344
20230719_181822_98_2458,35,46,2023-07-19 18:18:22.986386+00:00,"POLYGON ((-10.228633326033 81.7131639212467, -11.304307752333148 81.80511734286338, -12.349497339794333 81.54963974042649, -11.298816085884287 81.46070831996236, -10.228633326033 81.7131639212467))",LC08_026244_20230719,39.11,2023-07-19 18:18:17+00:00,"POLYGON ((-10.228633326033 81.7131639212467, -11.304307752333148 81.80511734286338, -12.349497339794333 81.54963974042649, -11.298816085884287 81.46070831996236, -10.228633326033 81.7131639212467))",0 days 00:00:05.986386
20230720_190412_94_227a,27,22,2023-07-20 19:04:12.947506+00:00,"POLYGON ((-76.71990778833954 80.98403948749713, -77.68416169250777 80.8856788991032, -76.66037900157183 80.63012520797989, -75.70791552671459 80.72585126559707, -76.71990778833954 80.98403948749713))",LC08_049002_20230720,21.66,2023-07-20 19:03:56+00:00,"POLYGON ((-76.71990778833954 80.98403948749713, -77.68416169250777 80.8856788991032, -76.66037900157183 80.63012520797989, -75.70791552671459 80.72585126559707, -76.71990778833954 80.98403948749713))",0 days 00:00:16.947506
20230720_204136_10_2488,33,50,2023-07-20 20:41:36.105059+00:00,"POLYGON ((-72.56503016312118 82.49054544520114, -73.9032980414368 82.47735631500647, -73.71404101385191 82.18398965477292, -72.42266127387754 82.19692200861567, -72.56503016312118 82.49054544520114))",LC08_049247_20230720,17.23,2023-07-20 20:41:37+00:00,"POLYGON ((-72.56503016312118 82.49054544520114, -73.9032980414368 82.47735631500647, -73.71404101385191 82.18398965477292, -72.42266127387754 82.19692200861567, -72.56503016312118 82.49054544520114))",0 days 00:00:00.894941
20230720_204148_94_2488,30,42,2023-07-20 20:41:48.948995+00:00,"POLYGON ((-78.78542698907076 82.39381259874177, -80.08720010282016 82.36185873650703, -79.67779344972867 82.07187128912074, -78.41744106111653 82.10298705726662, -78.78542698907076 82.39381259874177))",LC08_049247_20230720,17.23,2023-07-20 20:41:37+00:00,"POLYGON ((-78.78542698907076 82.39381259874177, -80.08720010282016 82.36185873650703, -79.67779344972867 82.07187128912074, -78.41744106111653 82.10298705726662, -78.78542698907076 82.39381259874177))",0 days 00:00:11.948995
20230722_004053_48_24c7,39,13,2023-07-22 00:40:53.489520+00:00,"POLYGON ((-90.88877215802331 79.30682359509021, -91.6269385345179 79.44244345985531, -92.838639212865 79.2105328548803, -92.09645706476262 79.07741374514399, -90.88877215802331 79.30682359509021))",LC08_088242_20230722,26.82,2023-07-22 00:40:41+00:00,"POLYGON ((-90.88877215802331 79.30682359509021, -91.6269385345179 79.44244345985531, -92.838639212865 79.2105328548803, -92.09645706476262 79.07741374514399, -90.88877215802331 79.30682359509021))",0 days 00:00:12.489520
20230725_192011_53_2431,24,55,2023-07-25 19:20:11.534076+00:00,"POLYGON ((-16.30620918794822 79.89762289269912, -17.084376073544025 80.01254426677242, -18.17312151031024 79.78256888807002, -17.401905813423454 79.66827957839337, -16.30620918794822 79.89762289269912))",LC08_036243_20230725,34.69,2023-07-25 19:19:46+00:00,"POLYGON ((-16.30620918794822 79.89762289269912, -17.084376073544025 80.01254426677242, -18.17312151031024 79.78256888807002, -17.401905813423454 79.66827957839337, -16.30620918794822 79.89762289269912))",0 days 00:00:25.534076
20230802_183522_41_247b,42,14,2023-08-02 18:35:22.410996+00:00,"POLYGON ((-97.44431748067312 74.61306714879228, -97.78701741588587 74.45806228988303, -96.8130031512389 74.31335417725266, -96.46239757640295 74.46205214335802, -97.44431748067312 74.61306714879228))",LC08_044007_20230802,26.78,2023-08-02 18:35:10+00:00,"POLYGON ((-97.44431748067312 74.61306714879228, -97.78701741588587 74.45806228988303, -96.8130031512389 74.31335417725266, -96.46239757640295 74.46205214335802, -97.44431748067312 74.61306714879228))",0 days 00:00:12.410996
20230805_190516_61_2478,35,39,2023-08-05 19:05:16.619367+00:00,"POLYGON ((-89.8319430654452 79.14688355846346, -90.48709742034166 79.02253064360369, -89.40410004220972 78.81145042123708, -88.74387979260773 78.93424445998245, -89.8319430654452 79.14688355846346))",LC08_049004_20230805,47.46,2023-08-05 19:04:54+00:00,"POLYGON ((-89.8319430654452 79.14688355846346, -90.48709742034166 79.02253064360369, -89.40410004220972 78.81145042123708, -88.74387979260773 78.93424445998245, -89.8319430654452 79.14688355846346))",0 days 00:00:22.619367
20230805_190315_23_24af,55,31,2023-08-05 19:03:15.238619+00:00,"POLYGON ((-48.34760648617466 82.32510391795539, -49.77712331500907 82.33817489658288, -49.897539120177385 82.01741634691128, -48.517346571976134 82.0050215030951, -48.34760648617466 82.32510391795539))",LC08_033247_20230805,74.42,2023-08-05 19:02:54+00:00,"POLYGON ((-48.34760648617466 82.32510391795539, -49.77712331500907 82.33817489658288, -49.897539120177385 82.01741634691128, -48.517346571976134 82.0050215030951, -48.34760648617466 82.32510391795539))",0 days 00:00:21.238619
20230805_190317_50_24af,63,22,2023-08-05 19:03:17.502509+00:00,"POLYGON ((-49.422078529459036 82.3340727301181, -50.8555118974502 82.34376657396867, -50.934246778972046 82.02281189004324, -49.55094893893947 82.01393616844844, -49.422078529459036 82.3340727301181))",LC08_033247_20230805,74.42,2023-08-05 19:02:54+00:00,"POLYGON ((-49.422078529459036 82.3340727301181, -50.8555118974502 82.34376657396867, -50.934246778972046 82.02281189004324, -49.55094893893947 82.01393616844844, -49.422078529459036 82.3340727301181))",0 days 00:00:23.502509
20230811_165140_14_2426,19,33,2023-08-11 16:51:40.147440+00:00,"POLYGON ((-74.31326506140877 71.46699455709299, -74.52085188647446 71.31940825106905, -73.75415096751485 71.20755607909278, -73.54149482742287 71.35412997135823, -74.31326506140877 71.46699455709299))",LC08_027010_20230811,57.12,2023-08-11 16:51:19+00:00,"POLYGON ((-74.31326506140877 71.46699455709299, -74.52085188647446 71.31940825106905, -73.75415096751485 71.20755607909278, -73.54149482742287 71.35412997135823, -74.31326506140877 71.46699455709299))",0 days 00:00:21.147440
20230812_222541_19_24b5,15,39,2023-08-12 22:25:41.192973+00:00,"POLYGON ((-68.30662286111924 80.95895252638789, -69.30618888829791 81.06426426576259, -70.39541142146382 80.79973455223663, -69.41272046974817 80.69710296927786, -68.30662286111924 80.95895252638789))",LC08_066243_20230812,29.1,2023-08-12 22:25:17+00:00,"POLYGON ((-68.30662286111924 80.95895252638789, -69.30618888829791 81.06426426576259, -70.39541142146382 80.79973455223663, -69.41272046974817 80.69710296927786, -68.30662286111924 80.95895252638789))",0 days 00:00:24.192973
20230817_062015_26_249c,45,17,2023-08-17 06:20:15.261183+00:00,"POLYGON ((88.93492384841964 75.75511190912405, 88.54190256559637 75.60651013683801, 89.53960249688033 75.44010297085877, 89.94066122789124 75.58767767518295, 88.93492384841964 75.75511190912405))",LC08_158007_20230817,26.88,2023-08-17 06:19:49+00:00,"POLYGON ((88.93492384841964 75.75511190912405, 88.54190256559637 75.60651013683801, 89.53960249688033 75.44010297085877, 89.94066122789124 75.58767767518295, 88.93492384841964 75.75511190912405))",0 days 00:00:26.261183
20230818_201007_84_24c9,11,24,2023-08-18 20:10:07.846601+00:00,"POLYGON ((-52.511203920764835 82.17010308746147, -53.83337435506264 82.2210268899968, -54.41952676757108 81.91829868067812, -53.138598712091294 81.86907205845732, -52.511203920764835 82.17010308746147))",LC08_044245_20230818,17.03,2023-08-18 20:10:11+00:00,"POLYGON ((-52.511203920764835 82.17010308746147, -53.83337435506264 82.2210268899968, -54.41952676757108 81.91829868067812, -53.138598712091294 81.86907205845732, -52.511203920764835 82.17010308746147))",0 days 00:00:03.153399
20230819_173556_56_24bc,24,40,2023-08-19 17:35:56.564505+00:00,"POLYGON ((-10.613941937349596 82.06868868426406, -11.90979993766691 82.1280959725723, -12.598960223660661 81.82923903375548, -11.341975438750074 81.77188042307311, -10.613941937349596 82.06868868426406))",LC08_019245_20230819,71.55,2023-08-19 17:35:41+00:00,"POLYGON ((-10.613941937349596 82.06868868426406, -11.90979993766691 82.1280959725723, -12.598960223660661 81.82923903375548, -11.341975438750074 81.77188042307311, -10.613941937349596 82.06868868426406))",0 days 00:00:15.564505
20230819_173601_07_24bc,33,39,2023-08-19 17:36:01.078105+00:00,"POLYGON ((-12.5916315918736 82.1625024449977, -13.917603368706994 82.21574743478028, -14.539979217963294 81.91371278452573, -13.255922631599072 81.86234323442963, -12.5916315918736 82.1625024449977))",LC08_019245_20230819,71.55,2023-08-19 17:35:41+00:00,"POLYGON ((-12.5916315918736 82.1625024449977, -13.917603368706994 82.21574743478028, -14.539979217963294 81.91371278452573, -13.255922631599072 81.86234323442963, -12.5916315918736 82.1625024449977))",0 days 00:00:20.078105
20230826_174752_21_2402,73,22,2023-08-26 17:47:52.210521+00:00,"POLYGON ((-90.80996097835826 69.7411469106841, -90.98057789954223 69.58846403537886, -90.2521494928611 69.48828851918383, -90.07699494189474 69.63892583097193, -90.80996097835826 69.7411469106841))",LC08_036011_20230826,80.01,2023-08-26 17:47:28+00:00,"POLYGON ((-90.80996097835826 69.7411469106841, -90.98057789954223 69.58846403537886, -90.2521494928611 69.48828851918383, -90.07699494189474 69.63892583097193, -90.80996097835826 69.7411469106841))",0 days 00:00:24.210521
20230827_165215_19_2477,31,46,2023-08-27 16:52:15.197189+00:00,"POLYGON ((-78.48390367463395 70.27373634788144, -78.69945378313639 70.11136589796305, -77.89831213846666 69.98606474689504, -77.67625649922591 70.14863309992123, -78.48390367463395 70.27373634788144))",LC08_027011_20230827,58.9,2023-08-27 16:51:51+00:00,"POLYGON ((-78.48390367463395 70.27373634788144, -78.69945378313639 70.11136589796305, -77.89831213846666 69.98606474689504, -77.67625649922591 70.14863309992123, -78.48390367463395 70.27373634788144))",0 days 00:00:24.197189
20230827_165217_36_2477,24,48,2023-08-27 16:52:17.369386+00:00,"POLYGON ((-78.6520397897275 70.14747085317812, -78.86524802378818 69.98470399015358, -78.0682534910546 69.85990094398575, -77.84799232140068 70.02283726186344, -78.6520397897275 70.14747085317812))",LC08_027011_20230827,58.9,2023-08-27 16:51:51+00:00,"POLYGON ((-78.6520397897275 70.14747085317812, -78.86524802378818 69.98470399015358, -78.0682534910546 69.85990094398575, -77.84799232140068 70.02283726186344, -78.6520397897275 70.14747085317812))",0 days 00:00:26.369386
20230829_195324_85_24a7,22,15,2023-08-29 19:53:24.854211+00:00,"POLYGON ((-89.80696630049682 81.64973680140167, -90.96509069965491 81.5719380634829, -90.08580754525791 81.28769590762998, -88.95384468473858 81.36351730107003, -89.80696630049682 81.64973680140167))",LC08_057001_20230829,71.88,2023-08-29 19:53:17+00:00,"POLYGON ((-89.80696630049682 81.64973680140167, -90.96509069965491 81.5719380634829, -90.08580754525791 81.28769590762998, -88.95384468473858 81.36351730107003, -89.80696630049682 81.64973680140167))",0 days 00:00:07.854211
20230902_161453_57_2402,32,13,2023-09-02 16:14:53.579071+00:00,"POLYGON ((-68.42825987065557 68.75595423591278, -68.58292674363575 68.60282662018922, -67.88461315227896 68.50705506900512, -67.72535144397608 68.65838075472693, -68.42825987065557 68.75595423591278))",LC08_021012_20230902,58.95,2023-09-02 16:15:09+00:00,"POLYGON ((-68.42825987065557 68.75595423591278, -68.58292674363575 68.60282662018922, -67.88461315227896 68.50705506900512, -67.72535144397608 68.65838075472693, -68.42825987065557 68.75595423591278))",0 days 00:00:15.420929
20230904_210206_16_249a,14,23,2023-09-04 21:02:06.163777+00:00,"POLYGON ((-149.02864589468328 60.85218391114882, -149.1366612148858 60.68256859279275, -148.55705852800565 60.59241207801567, -148.4453392753366 60.76219085782214, -149.02864589468328 60.85218391114882))",LC08_067018_20230904,63.33,2023-09-04 21:01:49+00:00,"POLYGON ((-149.02864589468328 60.85218391114882, -149.1366612148858 60.68256859279275, -148.55705852800565 60.59241207801567, -148.4453392753366 60.76219085782214, -149.02864589468328 60.85218391114882))",0 days 00:00:17.163777
20230910_233941_60_2482,32,28,2023-09-10 23:39:41.607565+00:00,"POLYGON ((177.899347381519 69.28474972171246, 177.708981234331 69.12036298540617, 178.4784180531931 69.00538341828904, 178.67434974271237 69.16934373713428, 177.899347381519 69.28474972171246))",LC08_093012_20230910,78.73,2023-09-10 23:40:10+00:00,"POLYGON ((177.899347381519 69.28474972171246, 177.708981234331 69.12036298540617, 178.4784180531931 69.00538341828904, 178.67434974271237 69.16934373713428, 177.899347381519 69.28474972171246))",0 days 00:00:28.392435
20230910_234141_76_2482,14,23,2023-09-10 23:41:41.762706+00:00,"POLYGON ((171.5255509866101 62.045830722628544, 171.4122847682683 61.8767130156847, 172.01041163867265 61.786080137606014, 172.12841714599227 61.95495750156684, 171.5255509866101 62.045830722628544))",LC08_093017_20230910,68.31,2023-09-10 23:42:09+00:00,"POLYGON ((171.5255509866101 62.045830722628544, 171.4122847682683 61.8767130156847, 172.01041163867265 61.786080137606014, 172.12841714599227 61.95495750156684, 171.5255509866101 62.045830722628544))",0 days 00:00:27.237294
20230915_190012_94_249a,51,14,2023-09-15 19:00:12.941948+00:00,"POLYGON ((-104.70278809714729 74.30124235531417, -105.0210918309694 74.14688882075144, -104.07535482764997 74.00077044590657, -103.7525941622022 74.15413484559812, -104.70278809714729 74.30124235531417))",LC08_048008_20230915,26.18,2023-09-15 19:00:30+00:00,"POLYGON ((-104.70278809714729 74.30124235531417, -105.0210918309694 74.14688882075144, -104.07535482764997 74.00077044590657, -103.7525941622022 74.15413484559812, -104.70278809714729 74.30124235531417))",0 days 00:00:17.058052
20230917_004305_88_24a4,51,16,2023-09-17 00:43:05.881977+00:00,"POLYGON ((157.8895594891088 64.2568810798538, 157.75566626781952 64.08987790510471, 158.39657911935373 63.99002460413505, 158.53518239776207 64.15731865170855, 157.8895594891088 64.2568810798538))",LC08_103015_20230917,84.37,2023-09-17 00:43:12+00:00,"POLYGON ((157.8895594891088 64.2568810798538, 157.75566626781952 64.08987790510471, 158.39657911935373 63.99002460413505, 158.53518239776207 64.15731865170855, 157.8895594891088 64.2568810798538))",0 days 00:00:06.118023
20230917_004308_01_24a4,26,19,2023-09-17 00:43:08.016315+00:00,"POLYGON ((157.7858343662293 64.1276313735629, 157.65343375754128 63.9604938752155, 158.2910478800917 63.86124236310293, 158.42879861831588 64.0285046079026, 157.7858343662293 64.1276313735629))",LC08_103015_20230917,84.37,2023-09-17 00:43:12+00:00,"POLYGON ((157.7858343662293 64.1276313735629, 157.65343375754128 63.9604938752155, 158.2910478800917 63.86124236310293, 158.42879861831588 64.0285046079026, 157.7858343662293 64.1276313735629))",0 days 00:00:03.983685
20230918_111524_54_2426,43,24,2023-09-18 11:15:24.549724+00:00,"POLYGON ((23.606450531662546 77.64288468988062, 23.16749057994103 77.51283164453118, 24.161439592461246 77.35375244150872, 24.605445215342826 77.48160953977552, 23.606450531662546 77.64288468988062))",LC08_206005_20230918,51.72,2023-09-18 11:15:48+00:00,"POLYGON ((23.606450531662546 77.64288468988062, 23.16749057994103 77.51283164453118, 24.161439592461246 77.35375244150872, 24.605445215342826 77.48160953977552, 23.606450531662546 77.64288468988062))",0 days 00:00:23.450276
20230919_034530_13_249c,53,15,2023-09-19 03:45:30.131579+00:00,"POLYGON ((123.60335869449014 73.92228268831559, 123.29231295888833 73.76652004498824, 124.22193055878986 73.61934625130093, 124.54052136650024 73.77452204590628, 123.60335869449014 73.92228268831559))",LC08_133008_20230919,75.13,2023-09-19 03:45:50+00:00,"POLYGON ((123.60335869449014 73.92228268831559, 123.29231295888833 73.76652004498824, 124.22193055878986 73.61934625130093, 124.54052136650024 73.77452204590628, 123.60335869449014 73.92228268831559))",0 days 00:00:19.868421
20230920_160237_28_227a,57,24,2023-09-20 16:02:37.284224+00:00,"POLYGON ((-67.93001209506103 68.69544487550704, -68.11585596622511 68.53130564648748, -67.36319482849544 68.41557660391346, -67.1723092195927 68.57981209500436, -67.93001209506103 68.69544487550704))",LC08_019012_20230920,23.9,2023-09-20 16:02:52+00:00,"POLYGON ((-67.93001209506103 68.69544487550704, -68.11585596622511 68.53130564648748, -67.36319482849544 68.41557660391346, -67.1723092195927 68.57981209500436, -67.93001209506103 68.69544487550704))",0 days 00:00:14.715776
20230920_160247_89_227a,11,76,2023-09-20 16:02:47.897295+00:00,"POLYGON ((-68.62715989403351 68.06454850998405, -68.80296387300761 67.89979995579459, -68.06885729863193 67.78702015072072, -67.8897374558546 67.95198126783305, -68.62715989403351 68.06454850998405))",LC08_019012_20230920,23.9,2023-09-20 16:02:52+00:00,"POLYGON ((-68.62715989403351 68.06454850998405, -68.80296387300761 67.89979995579459, -68.06885729863193 67.78702015072072, -67.8897374558546 67.95198126783305, -68.62715989403351 68.06454850998405))",0 days 00:00:04.102705
20230920_160252_14_227a,16,71,2023-09-20 16:02:52.142524+00:00,"POLYGON ((-68.8977252636354 67.81266334020468, -69.07009512420984 67.6475197309888, -68.34278472583587 67.53586570670086, -68.16499699099606 67.70085378132218, -68.8977252636354 67.81266334020468))",LC08_019013_20230920,14.6,2023-09-20 16:03:16+00:00,"POLYGON ((-68.8977252636354 67.81266334020468, -69.07009512420984 67.6475197309888, -68.34278472583587 67.53586570670086, -68.16499699099606 67.70085378132218, -68.8977252636354 67.81266334020468))",0 days 00:00:23.857476
20230920_160258_51_227a,11,82,2023-09-20 16:02:58.510367+00:00,"POLYGON ((-69.29108832057574 67.43326356677379, -69.45847243887127 67.2678590643827, -68.74068352334353 67.15759400953527, -68.56860825512948 67.32310315869596, -69.29108832057574 67.43326356677379))",LC08_019013_20230920,14.6,2023-09-20 16:03:16+00:00,"POLYGON ((-69.29108832057574 67.43326356677379, -69.45847243887127 67.2678590643827, -68.74068352334353 67.15759400953527, -68.56860825512948 67.32310315869596, -69.29108832057574 67.43326356677379))",0 days 00:00:17.489633
20230920_160349_45_227a,21,11,2023-09-20 16:03:49.453128+00:00,"POLYGON ((-72.07345994383589 64.37052124634482, -72.20726002182163 64.20280774217375, -71.56119431159637 64.1032738021805, -71.42301697391008 64.2711645062971, -72.07345994383589 64.37052124634482))",LC08_019015_20230920,56.3,2023-09-20 16:04:04+00:00,"POLYGON ((-72.07345994383589 64.37052124634482, -72.20726002182163 64.20280774217375, -71.56119431159637 64.1032738021805, -71.42301697391008 64.2711645062971, -72.07345994383589 64.37052124634482))",0 days 00:00:14.546872
20230924_104348_17_2486,14,17,2023-09-24 10:43:48.173538+00:00,"POLYGON ((6.394069166953283 61.879050004409855, 6.279015691853367 61.712095117635506, 6.868164088337891 61.61943820691021, 6.991175398714413 61.78631246080022, 6.394069166953283 61.879050004409855))",LC08_200017_20230924,43.01,2023-09-24 10:43:30+00:00,"POLYGON ((6.394069166953283 61.879050004409855, 6.279015691853367 61.712095117635506, 6.868164088337891 61.61943820691021, 6.991175398714413 61.78631246080022, 6.394069166953283 61.879050004409855))",0 days 00:00:18.173538
20230927_025716_57_247a,11,53,2023-09-27 02:57:16.575609+00:00,"POLYGON ((129.52297374528553 69.44511761162403, 129.32699416466576 69.28353875292208, 130.09161019331455 69.16507184034441, 130.29459967356408 69.32645710832266, 129.52297374528553 69.44511761162403))",LC08_125011_20230927,76.02,2023-09-27 02:57:37+00:00,"POLYGON ((129.52297374528553 69.44511761162403, 129.32699416466576 69.28353875292208, 130.09161019331455 69.16507184034441, 130.29459967356408 69.32645710832266, 129.52297374528553 69.44511761162403))",0 days 00:00:20.424391
20230927_210514_80_24a4,14,60,2023-09-27 21:05:14.800805+00:00,"POLYGON ((-142.809650695863 69.34701327187892, -143.00563151961515 69.1855973469378, -142.24363983521278 69.06680611820877, -142.0425343187759 69.22843690372628, -142.809650695863 69.34701327187892))",LC08_068011_20230927,78.89,2023-09-27 21:05:21+00:00,"POLYGON ((-142.809650695863 69.34701327187892, -143.00563151961515 69.1855973469378, -142.24363983521278 69.06680611820877, -142.0425343187759 69.22843690372628, -142.809650695863 69.34701327187892))",0 days 00:00:06.199195
20230927_210523_24_24a4,27,51,2023-09-27 21:05:23.242250+00:00,"POLYGON ((-143.4036988212713 68.84971710815434, -143.59074055857704 68.68771293276706, -142.84285592518427 68.57140089272883, -142.6504072415559 68.73368626822307, -143.4036988212713 68.84971710815434))",LC08_068012_20230927,59.03,2023-09-27 21:05:45+00:00,"POLYGON ((-143.4036988212713 68.84971710815434, -143.59074055857704 68.68771293276706, -142.84285592518427 68.57140089272883, -142.6504072415559 68.73368626822307, -143.4036988212713 68.84971710815434))",0 days 00:00:21.757750
20230927_210525_18_24a4,33,44,2023-09-27 21:05:25.182117+00:00,"POLYGON ((-143.54805704633515 68.72440956836026, -143.73259694518657 68.56217834657329, -142.98853581796342 68.44649468573085, -142.79724362417582 68.60890500094884, -143.54805704633515 68.72440956836026))",LC08_068012_20230927,59.03,2023-09-27 21:05:45+00:00,"POLYGON ((-143.54805704633515 68.72440956836026, -143.73259694518657 68.56217834657329, -142.98853581796342 68.44649468573085, -142.79724362417582 68.60890500094884, -143.54805704633515 68.72440956836026))",0 days 00:00:19.817883
20230929_010549_30_2483,60,18,2023-09-29 01:05:49.302658+00:00,"POLYGON ((158.86223245066824 70.72080108135955, 158.641429062239 70.56068066773418, 159.44745931747647 70.43546771777672, 159.67470328754226 70.59555376179021, 158.86223245066824 70.72080108135955))",LC08_107010_20230929,64.32,2023-09-29 01:05:59+00:00,"POLYGON ((158.86223245066824 70.72080108135955, 158.641429062239 70.56068066773418, 159.44745931747647 70.43546771777672, 159.67470328754226 70.59555376179021, 158.86223245066824 70.72080108135955))",0 days 00:00:09.697342
20230929_010551_41_2483,41,36,2023-09-29 01:05:51.411244+00:00,"POLYGON ((158.69211244095814 70.5973716377117, 158.47390740954935 70.43707374303504, 159.2760649793515 70.31256075503211, 159.50063765095734 70.47285585315859, 158.69211244095814 70.5973716377117))",LC08_107010_20230929,64.32,2023-09-29 01:05:59+00:00,"POLYGON ((158.69211244095814 70.5973716377117, 158.47390740954935 70.43707374303504, 159.2760649793515 70.31256075503211, 159.50063765095734 70.47285585315859, 158.69211244095814 70.5973716377117))",0 days 00:00:07.588756
20230929_010745_27_2483,76,12,2023-09-29 01:07:45.274482+00:00,"POLYGON ((151.68494913523423 63.80331574075003, 151.55683594723754 63.6373521202541, 152.18406044352488 63.54010404932758, 152.3168593679965 63.7064076055236, 151.68494913523423 63.80331574075003))",LC08_107015_20230929,69.4,2023-09-29 01:07:59+00:00,"POLYGON ((151.68494913523423 63.80331574075003, 151.55683594723754 63.6373521202541, 152.18406044352488 63.54010404932758, 152.3168593679965 63.7064076055236, 151.68494913523423 63.80331574075003))",0 days 00:00:13.725518
20230929_010808_46_2483,62,14,2023-09-29 01:08:08.468849+00:00,"POLYGON ((150.63330403575145 62.39387840485216, 150.515985400367 62.22731929056336, 151.11572401184353 62.13394620663755, 151.23728507703436 62.30091070552175, 150.63330403575145 62.39387840485216))",LC08_107016_20230929,52.16,2023-09-29 01:08:23+00:00,"POLYGON ((150.63330403575145 62.39387840485216, 150.515985400367 62.22731929056336, 151.11572401184353 62.13394620663755, 151.23728507703436 62.30091070552175, 150.63330403575145 62.39387840485216))",0 days 00:00:14.531151
20230929_010842_03_2483,38,11,2023-09-29 01:08:42.035652+00:00,"POLYGON ((149.25335245464703 60.32987353809487, 149.1499365456311 60.162473453893035, 149.71408162486904 60.07421486837418, 149.8199086009027 60.242154771244806, 149.25335245464703 60.32987353809487))",LC08_107018_20230929,59.97,2023-09-29 01:09:11+00:00,"POLYGON ((149.25335245464703 60.32987353809487, 149.1499365456311 60.162473453893035, 149.71408162486904 60.07421486837418, 149.8199086009027 60.242154771244806, 149.25335245464703 60.32987353809487))",0 days 00:00:28.964348
20230929_155644_66_2490,55,14,2023-09-29 15:56:44.669317+00:00,"POLYGON ((-66.87673413114108 68.15744339657407, -67.05274696372557 67.99435765321053, -66.32382516786787 67.88215641128528, -66.14274123172187 68.04510872324212, -66.87673413114108 68.15744339657407))",LC08_018012_20230929,56.24,2023-09-29 15:56:45+00:00,"POLYGON ((-66.87673413114108 68.15744339657407, -67.05274696372557 67.99435765321053, -66.32382516786787 67.88215641128528, -66.14274123172187 68.04510872324212, -66.87673413114108 68.15744339657407))",0 days 00:00:00.330683
20230929_155648_88_2490,26,49,2023-09-29 15:56:48.883061+00:00,"POLYGON ((-67.14707628144988 67.90631789538101, -67.3189677806909 67.74327756740637, -66.59871111545642 67.63251478915743, -66.41994601354415 67.79522083579023, -67.14707628144988 67.90631789538101))",LC08_018012_20230929,56.24,2023-09-29 15:56:45+00:00,"POLYGON ((-67.14707628144988 67.90631789538101, -67.3189677806909 67.74327756740637, -66.59871111545642 67.63251478915743, -66.41994601354415 67.79522083579023, -67.14707628144988 67.90631789538101))",0 days 00:00:03.883061
20230930_001041_93_249c,21,39,2023-09-30 00:10:41.933529+00:00,"POLYGON ((171.66672472666434 70.088947689865, 171.45999233258578 69.92741760006501, 172.2451394124184 69.80712281546678, 172.4591489831441 69.96831076822502, 171.66672472666434 70.088947689865))",LC08_098011_20230930,66.55,2023-09-30 00:10:46+00:00,"POLYGON ((171.66672472666434 70.088947689865, 171.45999233258578 69.92741760006501, 172.2451394124184 69.80712281546678, 172.4591489831441 69.96831076822502, 171.66672472666434 70.088947689865))",0 days 00:00:04.066471
20230930_001050_22_249c,38,22,2023-09-30 00:10:50.229333+00:00,"POLYGON ((171.0513623876223 69.60224021043081, 170.8526305785871 69.4403685707394, 171.62309286713153 69.32181843605733, 171.82867052045285 69.48345671412204, 171.0513623876223 69.60224021043081))",LC08_098011_20230930,66.55,2023-09-30 00:10:46+00:00,"POLYGON ((171.0513623876223 69.60224021043081, 170.8526305785871 69.4403685707394, 171.62309286713153 69.32181843605733, 171.82867052045285 69.48345671412204, 171.0513623876223 69.60224021043081))",0 days 00:00:04.229333
20230930_001102_67_249c,41,16,2023-09-30 00:11:02.672985+00:00,"POLYGON ((170.1721397964503 68.86836498902203, 169.98554141067248 68.705536088215, 170.7354519783273 68.59017822297749, 170.92789103101376 68.75286920841371, 170.1721397964503 68.86836498902203))",LC08_098012_20230930,76.81,2023-09-30 00:11:10+00:00,"POLYGON ((170.1721397964503 68.86836498902203, 169.98554141067248 68.705536088215, 170.7354519783273 68.59017822297749, 170.92789103101376 68.75286920841371, 170.1721397964503 68.86836498902203))",0 days 00:00:07.327015
20230930_001110_96_249c,18,24,2023-09-30 00:11:10.968791+00:00,"POLYGON ((169.61700370281255 68.3764470858335, 169.43786969216174 68.21319564856111, 170.1736484848195 68.09999920885805, 170.35843924592567 68.26315980539376, 169.61700370281255 68.3764470858335))",LC08_098012_20230930,76.81,2023-09-30 00:11:10+00:00,"POLYGON ((169.61700370281255 68.3764470858335, 169.43786969216174 68.21319564856111, 170.1736484848195 68.09999920885805, 170.35843924592567 68.26315980539376, 169.61700370281255 68.3764470858335))",0 days 00:00:00.968791
20230930_001119_26_249c,11,62,2023-09-30 00:11:19.264628+00:00,"POLYGON ((169.08356537624852 67.88251329038724, 168.91140022224292 67.71914381634383, 169.6322003722133 67.60822774174699, 169.8107477107673 67.7715150196294, 169.08356537624852 67.88251329038724))",LC08_098013_20230930,73.7,2023-09-30 00:11:34+00:00,"POLYGON ((169.08356537624852 67.88251329038724, 168.91140022224292 67.71914381634383, 169.6322003722133 67.60822774174699, 169.8107477107673 67.7715150196294, 169.08356537624852 67.88251329038724))",0 days 00:00:14.735372
20230930_001200_57_249c,33,26,2023-09-30 00:12:00.576378+00:00,"POLYGON ((166.705424554534 65.39632267848337, 166.56349746278462 65.23108769773607, 167.22401336549893 65.12932935409229, 167.3717925630799 65.2947157565996, 166.705424554534 65.39632267848337))",LC08_098014_20230930,73.03,2023-09-30 00:11:58+00:00,"POLYGON ((166.705424554534 65.39632267848337, 166.56349746278462 65.23108769773607, 167.22401336549893 65.12932935409229, 167.3717925630799 65.2947157565996, 166.705424554534 65.39632267848337))",0 days 00:00:02.576378
20231004_062122_41_2473,25,14,2023-10-04 06:21:22.416188+00:00,"POLYGON ((81.61533168281083 71.81514522521178, 81.36845608223639 71.65720990767622, 82.20932572271977 71.52500024998886, 82.46319943051056 71.68271571487941, 81.61533168281083 71.81514522521178))",LC08_158010_20231004,29.26,2023-10-04 06:21:11+00:00,"POLYGON ((81.61533168281083 71.81514522521178, 81.36845608223639 71.65720990767622, 82.20932572271977 71.52500024998886, 82.46319943051056 71.68271571487941, 81.61533168281083 71.81514522521178))",0 days 00:00:11.416188
20231005_034856_88_247d,23,41,2023-10-05 03:48:56.880821+00:00,"POLYGON ((112.00725177110678 65.16056893352419, 111.87242109554333 64.99473285283449, 112.52570640967143 64.8980652329362, 112.66476179930471 65.06325835978441, 112.00725177110678 65.16056893352419))",LC08_133015_20231005,32.39,2023-10-05 03:48:40+00:00,"POLYGON ((112.00725177110678 65.16056893352419, 111.87242109554333 64.99473285283449, 112.52570640967143 64.8980652329362, 112.66476179930471 65.06325835978441, 112.00725177110678 65.16056893352419))",0 days 00:00:16.880821
20231005_034903_19_247d,19,45,2023-10-05 03:49:03.196780+00:00,"POLYGON ((111.69579382466883 64.77853011958742, 111.56429993706995 64.61251734832753, 112.20939746373969 64.51694098212513, 112.34488823222323 64.6823543027112, 111.69579382466883 64.77853011958742))",LC08_133015_20231005,32.39,2023-10-05 03:48:40+00:00,"POLYGON ((111.69579382466883 64.77853011958742, 111.56429993706995 64.61251734832753, 112.20939746373969 64.51694098212513, 112.34488823222323 64.6823543027112, 111.69579382466883 64.77853011958742))",0 days 00:00:23.196780
20231006_192023_01_2481,30,40,2023-10-06 19:20:23.016705+00:00,"POLYGON ((-115.27006429492327 69.89533240261804, -115.47323953186492 69.73519554534178, -114.6986522350469 69.61496158114737, -114.48870336480931 69.77513821501677, -115.27006429492327 69.89533240261804))",LC08_051011_20231006,36.15,2023-10-06 19:20:18+00:00,"POLYGON ((-115.27006429492327 69.89533240261804, -115.47323953186492 69.73519554534178, -114.6986522350469 69.61496158114737, -114.48870336480931 69.77513821501677, -115.27006429492327 69.89533240261804))",0 days 00:00:05.016705
20231006_192027_14_2481,19,30,2023-10-06 19:20:27.140497+00:00,"POLYGON ((-115.57700769252894 69.65304219710264, -115.77604748122451 69.49254405731669, -115.0087568974956 69.3733330684516, -114.8031937299848 69.53395913574036, -115.57700769252894 69.65304219710264))",LC08_051011_20231006,36.15,2023-10-06 19:20:18+00:00,"POLYGON ((-115.57700769252894 69.65304219710264, -115.77604748122451 69.49254405731669, -115.0087568974956 69.3733330684516, -114.8031937299848 69.53395913574036, -115.57700769252894 69.65304219710264))",0 days 00:00:09.140497
20231006_192031_26_2481,37,28,2023-10-06 19:20:31.264345+00:00,"POLYGON ((-115.87669462664665 69.41039004347954, -116.07188331908517 69.24963927637874, -115.31195141527071 69.13158544641465, -115.1102161470314 69.29239129325424, -115.87669462664665 69.41039004347954))",LC08_051011_20231006,36.15,2023-10-06 19:20:18+00:00,"POLYGON ((-115.87669462664665 69.41039004347954, -116.07188331908517 69.24963927637874, -115.31195141527071 69.13158544641465, -115.1102161470314 69.29239129325424, -115.87669462664665 69.41039004347954))",0 days 00:00:13.264345
20231006_192043_63_2481,41,40,2023-10-06 19:20:43.635842+00:00,"POLYGON ((-116.74494231611972 68.68028872439311, -116.92852640877646 68.51884984831923, -116.18987558526499 68.40403295104556, -115.99993651811327 68.56552915688057, -116.74494231611972 68.68028872439311))",LC08_051012_20231006,46.26,2023-10-06 19:20:42+00:00,"POLYGON ((-116.74494231611972 68.68028872439311, -116.92852640877646 68.51884984831923, -116.18987558526499 68.40403295104556, -115.99993651811327 68.56552915688057, -116.74494231611972 68.68028872439311))",0 days 00:00:01.635842
20231007_051435_87_2461,41,39,2023-10-07 05:14:35.870183+00:00,"POLYGON ((91.97741588942199 66.60065893901917, 91.82321792097518 66.43784760233055, 92.50531265465203 66.33256578108914, 92.66462122042793 66.49541378814655, 91.97741588942199 66.60065893901917))",LC08_147014_20231007,37.7,2023-10-07 05:14:48+00:00,"POLYGON ((91.97741588942199 66.60065893901917, 91.82321792097518 66.43784760233055, 92.50531265465203 66.33256578108914, 92.66462122042793 66.49541378814655, 91.97741588942199 66.60065893901917))",0 days 00:00:12.129817
20231010_235359_22_2473,25,30,2023-10-10 23:53:59.224210+00:00,"POLYGON ((170.18216682811217 63.72273072342086, 170.05590155121396 63.55833484127305, 170.6745733680301 63.46243309573335, 170.80513178797017 63.6270391704541, 170.18216682811217 63.72273072342086))",LC08_095016_20231010,91.53,2023-10-10 23:54:15+00:00,"POLYGON ((170.18216682811217 63.72273072342086, 170.05590155121396 63.55833484127305, 170.6745733680301 63.46243309573335, 170.80513178797017 63.6270391704541, 170.18216682811217 63.72273072342086))",0 days 00:00:15.775790
20231012_103105_37_2483,59,17,2023-10-12 10:31:05.371723+00:00,"POLYGON ((10.424760231578245 62.87489614964065, 10.304707851222245 62.710407608834046, 10.907423707308443 62.616890500947456, 11.030606436388778 62.781759329022314, 10.424760231578245 62.87489614964065))",LC08_198016_20231012,47.28,2023-10-12 10:30:50+00:00,"POLYGON ((10.424760231578245 62.87489614964065, 10.304707851222245 62.710407608834046, 10.907423707308443 62.616890500947456, 11.030606436388778 62.781759329022314, 10.424760231578245 62.87489614964065))",0 days 00:00:15.371723
20231012_103147_17_2483,22,11,2023-10-12 10:31:47.174332+00:00,"POLYGON ((8.690240940530819 60.31555839629258, 8.587800851741434 60.15032150751051, 9.147238089107358 60.062512604210696, 9.252279126777138 60.228765682091975, 8.690240940530819 60.31555839629258))",LC08_198018_20231012,31.87,2023-10-12 10:31:38+00:00,"POLYGON ((8.690240940530819 60.31555839629258, 8.587800851741434 60.15032150751051, 9.147238089107358 60.062512604210696, 9.252279126777138 60.228765682091975, 8.690240940530819 60.31555839629258))",0 days 00:00:09.174332
20231013_224519_40_2498,32,31,2023-10-13 22:45:19.406410+00:00,"POLYGON ((-170.24448723111576 66.24552096451696, -170.39629751281873 66.0833409353727, -169.72395006816257 65.97870789020753, -169.57212348484668 66.14120392210329, -170.24448723111576 66.24552096451696))",LC08_084014_20231013,35.08,2023-10-13 22:45:29+00:00,"POLYGON ((-170.24448723111576 66.24552096451696, -170.39629751281873 66.0833409353727, -169.72395006816257 65.97870789020753, -169.57212348484668 66.14120392210329, -170.24448723111576 66.24552096451696))",0 days 00:00:09.593590
20231013_224521_54_2498,30,39,2023-10-13 22:45:21.548149+00:00,"POLYGON ((-170.36308883270772 66.11754157816195, -170.51310353496214 65.95396499577683, -169.8422282444915 65.85026546766642, -169.68959848014165 66.0136479998708, -170.36308883270772 66.11754157816195))",LC08_084014_20231013,35.08,2023-10-13 22:45:29+00:00,"POLYGON ((-170.36308883270772 66.11754157816195, -170.51310353496214 65.95396499577683, -169.8422282444915 65.85026546766642, -169.68959848014165 66.0136479998708, -170.36308883270772 66.11754157816195))",0 days 00:00:07.451851
20231024_024228_29_2479,63,11,2023-10-24 02:42:28.297015+00:00,"POLYGON ((125.42704284873928 59.727795330428805, 125.33110017699191 59.56356081617215, 125.87099933709672 59.4811013347277, 125.97013946776615 59.644818446233586, 125.42704284873928 59.727795330428805))",LC08_122019_20231024,66.49,2023-10-24 02:42:20+00:00,"POLYGON ((125.42704284873928 59.727795330428805, 125.33110017699191 59.56356081617215, 125.87099933709672 59.4811013347277, 125.97013946776615 59.644818446233586, 125.42704284873928 59.727795330428805))",0 days 00:00:08.297015
20231025_195347_41_2461,16,15,2023-10-25 19:53:47.418337+00:00,"POLYGON ((-131.35914625442274 61.89076634737805, -131.4682524111518 61.727348258335724, -130.89237713220018 61.639469799387065, -130.77988448860867 61.80264164246787, -131.35914625442274 61.89076634737805))",LC08_056017_20231025,22.86,2023-10-25 19:53:40+00:00,"POLYGON ((-131.35914625442274 61.89076634737805, -131.4682524111518 61.727348258335724, -130.89237713220018 61.639469799387065, -130.77988448860867 61.80264164246787, -131.35914625442274 61.89076634737805))",0 days 00:00:07.418337
20231025_195355_76_2461,11,63,2023-10-25 19:53:55.768068+00:00,"POLYGON ((-131.6963404878323 61.37823162256015, -131.80230448309553 61.21474380799157, -131.23556208008554 61.128065660693885, -131.12708242745182 61.29127453552925, -131.6963404878323 61.37823162256015))",LC08_056017_20231025,22.86,2023-10-25 19:53:40+00:00,"POLYGON ((-131.6963404878323 61.37823162256015, -131.80230448309553 61.21474380799157, -131.23556208008554 61.128065660693885, -131.12708242745182 61.29127453552925, -131.6963404878323 61.37823162256015))",0 days 00:00:15.768068
20231025_195416_64_2461,26,31,2023-10-25 19:54:16.642315+00:00,"POLYGON ((-132.49996548746248 60.093517144633424, -132.59861201136368 59.92934233989499, -132.0521228083465 59.84530300323113, -131.95058426571535 60.00915671253668, -132.49996548746248 60.093517144633424))",LC08_056018_20231025,24.23,2023-10-25 19:54:04+00:00,"POLYGON ((-132.49996548746248 60.093517144633424, -132.59861201136368 59.92934233989499, -132.0521228083465 59.84530300323113, -131.95058426571535 60.00915671253668, -132.49996548746248 60.093517144633424))",0 days 00:00:12.642315
20231029_061749_34_247a,37,42,2023-10-29 06:17:49.340421+00:00,"POLYGON ((71.70894467880107 60.20878732609, 71.61182444591206 60.04400251090425, 72.16137934372723 59.96205140064888, 72.26124792006382 60.12594981589188, 71.70894467880107 60.20878732609))",LC08_157018_20231029,66.59,2023-10-29 06:18:17+00:00,"POLYGON ((71.70894467880107 60.20878732609, 71.61182444591206 60.04400251090425, 72.16137934372723 59.96205140064888, 72.26124792006382 60.12594981589188, 71.70894467880107 60.20878732609))",0 days 00:00:27.659579